{
  "main.py": 1772792855.7244694,
  "tests/conftest.py": 1773831237.586341,
  "tests/test_reporting.py": 1773832156.706657,
  "tests/test_provider.py": 1773928080.6635692,
  "tests/test_db_operations.py": 1772891003.3696616,
  "tests/test_demographics.py": 1773669365.41256,
  "tests/test_p1_scoring.py": 1773831237.5864592,
  "tests/test_template_loader_adversarial.py": 1773928080.6635761,
  "tests/test_aggregate.py": 1773832156.706653,
  "tests/scenario.py": 1772891003.3691556,
  "tests/test_variant_generator.py": 1773669365.4130569,
  "tests/test_config.py": 1772891003.369415,
  "tests/test_compare.py": 1773832156.7069998,
  "tests/test_p1_scoring_inconsistent.py": 1773831237.5865855,
  "tests/test_prompt_builder.py": 1773669365.4126952,
  "tests/test_template_loader.py": 1773669365.4128666,
  "tests/test_db_init.py": 1772792855.7271159,
  "src/irbg/config.py": 1773669365.410645,
  "src/irbg/paths.py": 1772891003.368112,
  "src/irbg/demographics.py": 1773669365.411085,
  "src/irbg/__init__.py": 1772792855.7249782,
  "src/irbg/cli.py": 1773832156.7073493,
  "src/irbg/analysis/aggregate.py": 1773832156.707225,
  "src/irbg/analysis/__init__.py": 1773832156.7069151,
  "src/irbg/analysis/visualize.py": 1773832156.7070801,
  "src/irbg/analysis/compare.py": 1773832156.7072086,
  "src/irbg/analysis/reporting.py": 1773928080.6638825,
  "src/irbg/scenarios/models.py": 1773669365.4119287,
  "src/irbg/scenarios/discovery.py": 1773831237.5858836,
  "src/irbg/scenarios/template_loader.py": 1773928080.6639166,
  "src/irbg/scenarios/__init__.py": 1772891003.368231,
  "src/irbg/scenarios/loader.py": 1772891003.3684618,
  "src/irbg/scenarios/template_models.py": 1773928080.663669,
  "src/irbg/scoring/p1.py": 1773831237.5862038,
  "src/irbg/scoring/__init__.py": 1773831237.5860164,
  "src/irbg/scoring/p2.py": 1773930027.1313968,
  "src/irbg/db/__init__.py": 1772792855.7254388,
  "src/irbg/db/operations.py": 1773832156.7070742,
  "src/irbg/db/schema.py": 1773831315.6177924,
  "src/irbg/engine/runner.py": 1773929561.9715059,
  "src/irbg/engine/variant_generator.py": 1773669365.4117386,
  "src/irbg/engine/prompt_builder.py": 1773831237.5855522,
  "src/irbg/engine/provider.py": 1773928080.663683,
  "src/irbg/engine/__init__.py": 1772891003.3674498,
  "src/irbg/engine/types.py": 1773928080.6635735,
  "README.md": 1772530486.178037,
  "CONTRIBUTING.md": 1772792855.7239661,
  "CLAUDE.md": 1776693137.4120986,
  "graphify-out/GRAPH_REPORT.md": 1776853327.7059014,
  "reports/38c06205c9ef44bb8f7e03c75cd0b1b4_report.md": 1773841678.3319595,
  "reports/2bdd743782c34e93bb4c39d0ea132fb9_report.md": 1773841666.0468845,
  "reports/2bdd743782c34e93bb4c39d0ea132fb9_latency.png": 1773841666.835028,
  "reports/38c06205c9ef44bb8f7e03c75cd0b1b4_latency.png": 1773841678.4864652,
  "reports/38c06205c9ef44bb8f7e03c75cd0b1b4_pillar_scores.png": 1773841678.4322214,
  "reports/2bdd743782c34e93bb4c39d0ea132fb9_pillar_scores.png": 1773841666.775042
}